{
  "aiming": {
    "pos": {
      "x": 10.249999999999972,
      "y": -0.0999999999999528,
      "z": 1.600000000000236
    },
    "rot": {
      "x": 28.050000000000118,
      "y": 9.299999999999983,
      "z": -4.736725877128165
    }
  },
  "slung": {
    "pos": {
      "x": -11.649999999999984,
      "y": 27.100000000000165,
      "z": -28.799999999999905
    },
    "rot": {
      "x": 39.45000000000028,
      "y": 8.599999999999985,
      "z": -8.136725877128153
    }
  }
}